day,month,Open Date,Open Date,Open time,Open Date,Open,High,Low,Close,Volume,Close time,Quote asset volume,Number of trades,Taker buy base asset volume,Taker buy quote asset volume,Ignore
1,jan,January ,January 1,1672531200000,1/1/2023 0:00:00,0.3389,0.34,0.3354,0.3387,102026821,1672617599999,34471638.57,48661,53592277,18107900.65,0
2,jan,January ,January 2,1672617600000,1/2/2023 0:00:00,0.3386,0.3555,0.3,0.3482,647520487,1672703999999,217803999.7,285660,320823575,108056946.6,0
3,jan,January ,January 3,1672704000000,1/3/2023 0:00:00,0.3482,0.352,0.3395,0.3436,346410334,1672790399999,119511328.7,154113,172318472,59448460.9,0
4,jan,January ,January 4,1672790400000,1/4/2023 0:00:00,0.3436,0.3605,0.339,0.3472,372672796,1672876799999,129585304.7,147677,193027855,67139279.1,0
5,jan,January ,January 5,1672876800000,1/5/2023 0:00:00,0.3471,0.3487,0.3333,0.338,265529668,1672963199999,90735849.14,106910,129294274,44187813.67,0
6,jan,January ,January 6,1672963200000,1/6/2023 0:00:00,0.338,0.3462,0.3311,0.3443,278304929,1673049599999,93853937.03,124811,141179233,47616379.19,0
7,jan,January ,January 7,1673049600000,1/7/2023 0:00:00,0.3442,0.3457,0.3413,0.3442,103851424,1673135999999,35685499.47,54864,50831317,17471422.57,0
8,jan,January ,January 8,1673136000000,1/8/2023 0:00:00,0.3442,0.3469,0.3354,0.3452,185516324,1673222399999,63235820,87967,92948507,31689407.39,0
9,jan,January ,January 9,1673222400000,1/9/2023 0:00:00,0.3452,0.3576,0.3437,0.349,527746615,1673308799999,185161444.3,207757,254824357,89419804.37,0
10,jan,January ,January 10,1673308800000,1/10/2023 0:00:00,0.3489,0.3541,0.3432,0.3507,338577860,1673395199999,118256165.2,126247,173055172,60442037.71,0
11,jan,January ,January 11,1673395200000,1/11/2023 0:00:00,0.3506,0.3785,0.3477,0.3728,626037461,1673481599999,228637315.4,264481,316060030,115363462.2,0
12,jan,January ,January 12,1673481600000,1/12/2023 0:00:00,0.3728,0.382,0.3607,0.3748,505754231,1673567999999,188241999.7,229155,249878743,93006864.75,0
13,jan,January ,January 13,1673568000000,1/13/2023 0:00:00,0.3748,0.3868,0.368,0.3858,405120914,1673654399999,152479844.1,180943,201571197,75872846.41,0
14,jan,January ,January 14,1673654400000,1/14/2023 0:00:00,0.3857,0.4089,0.3766,0.3953,582781070,1673740799999,230545836.2,298604,287515587,113750224.1,0
15,jan,January ,January 15,1673740800000,1/15/2023 0:00:00,0.3953,0.3969,0.3795,0.3845,294014260,1673827199999,113574492.7,149500,140444062,54247747.68,0
16,jan,January ,January 16,1673827200000,1/16/2023 0:00:00,0.3846,0.4064,0.3777,0.3855,542041099,1673913599999,211557382.2,244213,259538816,101299609.2,0
17,jan,January ,January 17,1673913600000,1/17/2023 0:00:00,0.3855,0.3987,0.379,0.3868,378212343,1673999999999,146669509.5,175149,183711027,71232383.44,0
18,jan,January ,January 18,1674000000000,1/18/2023 0:00:00,0.3868,0.3964,0.3655,0.3782,615064764,1674086399999,236217050.7,297896,294249478,113039587,0
19,jan,January ,January 19,1674086400000,1/19/2023 0:00:00,0.3782,0.3965,0.3762,0.3928,416112670,1674172799999,161047075.8,194843,204941131,79300131.86,0
20,jan,January ,January 20,1674172800000,1/20/2023 0:00:00,0.3929,0.4141,0.3859,0.4129,366316527,1674259199999,145683006.8,191888,188711387,74980784.29,0
21,jan,January ,January 21,1674259200000,1/21/2023 0:00:00,0.4129,0.4166,0.3967,0.4034,346602583,1674345599999,141823531.6,198254,165478405,67719633.3,0
22,jan,January ,January 22,1674345600000,1/22/2023 0:00:00,0.4034,0.4122,0.3962,0.4004,250067543,1674431999999,101062837.5,140303,120634816,48755338.55,0
23,jan,January ,January 23,1674432000000,1/23/2023 0:00:00,0.4004,0.433,0.3995,0.4234,723894773,1674518399999,304618525.3,337146,336521405,141588487.2,0
24,jan,January ,January 24,1674518400000,1/24/2023 0:00:00,0.4233,0.4312,0.4025,0.4078,411297898,1674604799999,172683239.9,223346,192361934,80790644.37,0
25,jan,January ,January 25,1674604800000,1/25/2023 0:00:00,0.4079,0.4245,0.3965,0.417,375065459,1674691199999,153118089,188870,186827318,76244377.78,0
26,jan,January ,January 26,1674691200000,1/26/2023 0:00:00,0.417,0.4178,0.4053,0.4092,290069659,1674777599999,119450988.3,151650,143837698,59220498.82,0
27,jan,January ,January 27,1674777600000,1/27/2023 0:00:00,0.4091,0.4135,0.3988,0.4128,274281738,1674863999999,111625093,133853,136378774,55507502.56,0
28,jan,January ,January 28,1674864000000,1/28/2023 0:00:00,0.4127,0.4168,0.4055,0.4078,148949278,1674950399999,61120997.81,83036,70856591,29083649.28,0
29,jan,January ,January 29,1674950400000,1/29/2023 0:00:00,0.4078,0.4173,0.4066,0.4134,166884667,1675036799999,68802706.76,95305,79235849,32669617.34,0
30,jan,January ,January 30,1675036800000,1/30/2023 0:00:00,0.4135,0.4222,0.386,0.3934,433795926,1675123199999,174875593.1,205691,213480378,86141832.61,0
31,jan,January ,January 31,1675123200000,1/31/2023 0:00:00,0.3933,0.4113,0.388,0.4057,346580963,1675209599999,138238341.8,166935,174978218,69716355.95,0
1,feb,February ,February 1,1675209600000,2/1/2023 0:00:00,0.4058,0.4157,0.3962,0.4131,379103907,1675295999999,153259801.6,186726,184988147,74752103.68,0
2,feb,February ,February 2,1675296000000,2/2/2023 0:00:00,0.4132,0.4192,0.408,0.4098,322532370,1675382399999,133341656.2,165464,163472668,67587785.77,0
3,feb,February ,February 3,1675382400000,2/3/2023 0:00:00,0.4097,0.4137,0.4054,0.4117,274689680,1675468799999,112603154.5,133447,141671977,58080968.91,0
4,feb,February ,February 4,1675468800000,2/4/2023 0:00:00,0.4116,0.4204,0.4075,0.4106,178134111,1675555199999,73370958.02,95986,83662124,34471548.46,0
5,feb,February ,February 5,1675555200000,2/5/2023 0:00:00,0.4106,0.412,0.3942,0.3984,237111362,1675641599999,95563098.09,134236,112747647,45453079.2,0
6,feb,February ,February 6,1675641600000,2/6/2023 0:00:00,0.3985,0.4037,0.3909,0.392,315995053,1675727999999,125897156.3,145740,159859675,63699592.12,0
7,feb,February ,February 7,1675728000000,2/7/2023 0:00:00,0.3921,0.4048,0.3901,0.4036,356160688,1675814399999,141141108.6,145406,183248723,72607710.11,0
8,feb,February ,February 8,1675814400000,2/8/2023 0:00:00,0.4037,0.406,0.3936,0.3975,263188839,1675900799999,105265066.9,104320,123235097,49287325.66,0
9,feb,February ,February 9,1675900800000,2/9/2023 0:00:00,0.3975,0.4092,0.3726,0.3819,526681339,1675987199999,206981490.6,255958,250575924,98553873.54,0
10,feb,February ,February 10,1675987200000,2/10/2023 0:00:00,0.3818,0.3878,0.3771,0.3817,279931749,1676073599999,107300522.3,129469,139730701,53554602.23,0
11,feb,February ,February 11,1676073600000,2/11/2023 0:00:00,0.3818,0.3841,0.3798,0.3833,123179600,1676159999999,47064308.76,59338,54359454,20769517.18,0
12,feb,February ,February 12,1676160000000,2/12/2023 0:00:00,0.3834,0.385,0.3716,0.3747,135976322,1676246399999,51727784.25,70222,62447787,23753707.63,0
13,feb,February ,February 13,1676246400000,2/13/2023 0:00:00,0.3747,0.3783,0.3612,0.3703,382768169,1676332799999,141477064.8,158099,190350024,70362221.97,0
14,feb,February ,February 14,1676332800000,2/14/2023 0:00:00,0.3703,0.3839,0.3644,0.3819,372274074,1676419199999,138499878.3,160722,196180773,72994759.07,0
15,feb,February ,February 15,1676419200000,2/15/2023 0:00:00,0.3819,0.4024,0.3765,0.4011,370966882,1676505599999,143859246.6,150550,183280682,71037186.52,0
16,feb,February ,February 16,1676505600000,2/16/2023 0:00:00,0.401,0.4048,0.384,0.3841,450636395,1676591999999,179200203.7,193412,225043586,89555461.72,0
17,feb,February ,February 17,1676592000000,2/17/2023 0:00:00,0.3841,0.4,0.3809,0.395,358052399,1676678399999,139644124.6,149639,187919337,73283588.77,0
18,feb,February ,February 18,1676678400000,2/18/2023 0:00:00,0.3949,0.3976,0.3911,0.3943,145625421,1676764799999,57400872.44,73236,69380555,27349230.45,0
19,feb,February ,February 19,1676764800000,2/19/2023 0:00:00,0.3942,0.3981,0.3845,0.3863,237992952,1676851199999,93146713.94,120434,116193819,45470936.5,0
20,feb,February ,February 20,1676851200000,2/20/2023 0:00:00,0.3862,0.409,0.3774,0.3984,557018367,1676937599999,220336014.7,224246,278894507,110244972.7,0
21,feb,February ,February 21,1676937600000,2/21/2023 0:00:00,0.3985,0.4025,0.3872,0.3919,448284088,1677023999999,176374645.5,170551,225085280,88578978.1,0
22,feb,February ,February 22,1677024000000,2/22/2023 0:00:00,0.392,0.3977,0.3828,0.3953,389277544,1677110399999,151813602.9,161983,199048660,77597400.09,0
23,feb,February ,February 23,1677110400000,2/23/2023 0:00:00,0.3953,0.3979,0.3853,0.3882,348351954,1677196799999,136524364.8,151055,185760178,72805734.05,0
24,feb,February ,February 24,1677196800000,2/24/2023 0:00:00,0.3883,0.3908,0.3723,0.3783,356652233,1677283199999,136442442.7,157595,183601515,70283824.56,0
25,feb,February ,February 25,1677283200000,2/25/2023 0:00:00,0.3783,0.3795,0.3692,0.3778,179723963,1677369599999,67647646.42,84703,84230523,31703256.83,0
26,feb,February ,February 26,1677369600000,2/26/2023 0:00:00,0.3779,0.3807,0.3745,0.3779,130843027,1677455999999,49371646.18,69576,62587386,23616970.27,0
27,feb,February ,February 27,1677456000000,2/27/2023 0:00:00,0.3779,0.3801,0.3708,0.3785,421412885,1677542399999,158457633.9,145975,225350589,84706976.97,0
28,feb,February ,February 28,1677542400000,2/28/2023 0:00:00,0.3785,0.3827,0.3719,0.3762,371401256,1677628799999,140007696,149317,200818042,75668334.92,0
1,mar,March ,March 1,1677628800000,3/1/2023 0:00:00,0.3762,0.3848,0.3726,0.3835,317577485,1677715199999,120585971.9,134548,161512541,61296409.53,0
2,mar,March ,March 2,1677715200000,3/2/2023 0:00:00,0.3836,0.3846,0.3737,0.3772,281873061,1677801599999,106574977.8,107723,148617496,56165347.6,0
3,mar,March ,March 3,1677801600000,3/3/2023 0:00:00,0.3772,0.3806,0.3539,0.3774,490515388,1677887999999,179848857.5,214243,248898448,91277825.61,0
4,mar,March ,March 4,1677888000000,3/4/2023 0:00:00,0.3773,0.38,0.368,0.3735,164275250,1677974399999,61584809.56,85530,75858816,28438133.48,0
5,mar,March ,March 5,1677974400000,3/5/2023 0:00:00,0.3735,0.3774,0.3653,0.3668,163637644,1678060799999,60724189.19,80980,73390639,27236882.62,0
6,mar,March ,March 6,1678060800000,3/6/2023 0:00:00,0.3668,0.3743,0.3589,0.3695,428373378,1678147199999,156725004,158156,233387734,85297016.33,0
7,mar,March ,March 7,1678147200000,3/7/2023 0:00:00,0.3696,0.3844,0.3669,0.3801,562644274,1678233599999,210785141.4,230481,293439451,109833962,0
8,mar,March ,March 8,1678233600000,3/8/2023 0:00:00,0.3802,0.4018,0.3723,0.3889,682406723,1678319999999,265136639.3,325672,344589959,133859502.2,0
9,mar,March ,March 9,1678320000000,3/9/2023 0:00:00,0.3889,0.3976,0.3639,0.3706,655014119,1678406399999,252341949,304944,317289093,122389927.8,0
10,mar,March ,March 10,1678406400000,3/10/2023 0:00:00,0.3706,0.3752,0.3571,0.37,541098785,1678492799999,198898835.5,264359,273214134,100420182.9,0
11,mar,March ,March 11,1678492800000,3/11/2023 0:00:00,0.3699,0.3741,0.3582,0.3638,342981412,1678579199999,125158363.7,196161,170461652,62199052.23,0
12,mar,March ,March 12,1678579200000,3/12/2023 0:00:00,0.3637,0.3715,0.3473,0.3714,389760071,1678665599999,140064897.7,206750,188167005,67677461.36,0
13,mar,March ,March 13,1678665600000,3/13/2023 0:00:00,0.3713,0.38,0.3553,0.3724,556402600,1678751999999,204984639.5,295723,289315654,106611381.2,0
14,mar,March ,March 14,1678752000000,3/14/2023 0:00:00,0.3724,0.387,0.3647,0.3724,544803822,1678838399999,203995643.1,283108,268646880,100592504.3,0
15,mar,March ,March 15,1678838400000,3/15/2023 0:00:00,0.3724,0.3757,0.356,0.3589,385093409,1678924799999,140863011.9,198592,189758340,69424022.92,0
16,mar,March ,March 16,1678924800000,3/16/2023 0:00:00,0.3589,0.367,0.3562,0.3647,259083315,1679011199999,93875787.5,132174,129201218,46815132.44,0
17,mar,March ,March 17,1679011200000,3/17/2023 0:00:00,0.3648,0.3825,0.362,0.3798,405873760,1679097599999,151029086.1,199685,209014814,77793030.24,0
18,mar,March ,March 18,1679097600000,3/18/2023 0:00:00,0.3797,0.3898,0.3691,0.3739,360335327,1679183999999,136790748.3,194468,179787799,68267255.54,0
19,mar,March ,March 19,1679184000000,3/19/2023 0:00:00,0.3739,0.4,0.3736,0.3857,476291604,1679270399999,185211360.2,275018,234827804,91321188.48,0
20,mar,March ,March 20,1679270400000,3/20/2023 0:00:00,0.3858,0.3913,0.3707,0.3734,443129416,1679356799999,168478007.1,217102,232492550,88389967.52,0
21,mar,March ,March 21,1679356800000,3/21/2023 0:00:00,0.3734,0.4929,0.3728,0.4696,1698380685,1679443199999,739147786.7,1036761,861860638,374553019.8,0
22,mar,March ,March 22,1679443200000,3/22/2023 0:00:00,0.4696,0.475,0.4069,0.4213,1409641087,1679529599999,626614742,847208,671590386,299006131.5,0
23,mar,March ,March 23,1679529600000,3/23/2023 0:00:00,0.4213,0.4557,0.4116,0.4438,837629903,1679615999999,368094025.9,493112,410294301,180251821.3,0
24,mar,March ,March 24,1679616000000,3/24/2023 0:00:00,0.4437,0.444,0.4141,0.4259,507977567,1679702399999,217558570.5,282648,254857997,109141910.3,0
25,mar,March ,March 25,1679702400000,3/25/2023 0:00:00,0.426,0.465,0.4223,0.4429,635312958,1679788799999,284432424.3,428283,323282019,144700617.8,0
26,mar,March ,March 26,1679788800000,3/26/2023 0:00:00,0.4429,0.4632,0.4403,0.4479,364479792,1679875199999,164516868.4,251330,176384097,79642209.23,0
27,mar,March ,March 27,1679875200000,3/27/2023 0:00:00,0.4479,0.4888,0.4425,0.479,1003256531,1679961599999,468907974,566635,490072282,228906420.8,0
28,mar,March ,March 28,1679961600000,3/28/2023 0:00:00,0.4789,0.534,0.4666,0.5144,1126346466,1680047999999,561768921.8,675666,550271016,274493912.1,0
29,mar,March ,March 29,1680048000000,3/29/2023 0:00:00,0.5145,0.585,0.5145,0.5425,1291815558,1680134399999,710720110.9,862122,650365697,357800046.8,0
30,mar,March ,March 30,1680134400000,3/30/2023 0:00:00,0.5425,0.558,0.5214,0.5319,827691286,1680220799999,444533562.2,535861,420253408,225765698.8,0
31,mar,March ,March 31,1680220800000,3/31/2023 0:00:00,0.5319,0.564,0.5257,0.5374,532875635,1680307199999,285494944.5,362827,272586852,146009892.1,0
1,apr,April ,April 1,1680307200000,4/1/2023 0:00:00,0.5375,0.5375,0.4972,0.5095,516087832,1680393599999,265787844,373082,244916636,126161104.9,0
2,apr,April ,April 2,1680393600000,4/2/2023 0:00:00,0.5095,0.529,0.5015,0.518,391347744,1680479999999,202442762.8,304023,197069492,101937712.6,0
3,apr,April ,April 3,1680480000000,4/3/2023 0:00:00,0.5179,0.525,0.481,0.4959,522070023,1680566399999,264930891.5,375185,263845216,134011798.4,0
4,apr,April ,April 4,1680566400000,4/4/2023 0:00:00,0.4958,0.5078,0.4871,0.5026,360227447,1680652799999,179555332.7,233646,187654340,93517974.76,0
5,apr,April ,April 5,1680652800000,4/5/2023 0:00:00,0.5026,0.5271,0.4986,0.5055,411989031,1680739199999,210165518.3,265503,207173028,105716749.9,0
6,apr,April ,April 6,1680739200000,4/6/2023 0:00:00,0.5056,0.5097,0.4913,0.5028,315900045,1680825599999,158484620.8,226191,159289413,79927656.3,0
7,apr,April ,April 7,1680825600000,4/7/2023 0:00:00,0.5028,0.5156,0.4971,0.5126,318185786,1680911999999,161500221.1,236639,164493145,83510779.57,0
8,apr,April ,April 8,1680912000000,4/8/2023 0:00:00,0.5127,0.513,0.5022,0.5048,136614694,1680998399999,69517878.44,131248,61730572,31410989.68,0
9,apr,April ,April 9,1680998400000,4/9/2023 0:00:00,0.5049,0.5093,0.4983,0.5054,116122379,1681084799999,58532234.58,99848,56270959,28366468.52,0
10,apr,April ,April 10,1681084800000,4/10/2023 0:00:00,0.5053,0.5199,0.5,0.5176,264898196,1681171199999,134434521.2,154033,143896871,72982170.32,0
11,apr,April ,April 11,1681171200000,4/11/2023 0:00:00,0.5176,0.5283,0.511,0.5167,358821527,1681257599999,186152904.5,200576,196281969,101833414.6,0
12,apr,April ,April 12,1681257600000,4/12/2023 0:00:00,0.5166,0.5179,0.4984,0.5049,339100343,1681343999999,171358646.3,186682,165468803,83606262.07,0
13,apr,April ,April 13,1681344000000,4/13/2023 0:00:00,0.5049,0.5156,0.5014,0.5125,273342378,1681430399999,139036177.4,142779,150028631,76317868.32,0
14,apr,April ,April 14,1681430400000,4/14/2023 0:00:00,0.5124,0.5465,0.5111,0.5227,462335443,1681516799999,243064939.3,307971,239258872,125771860,0
15,apr,April ,April 15,1681516800000,4/15/2023 0:00:00,0.5227,0.5261,0.516,0.5192,152508925,1681603199999,79413896.02,105834,72672668,37848445.35,0
16,apr,April ,April 16,1681603200000,4/16/2023 0:00:00,0.5192,0.5244,0.5152,0.5209,157240759,1681689599999,81721324.83,100919,77120853,40083368.09,0
17,apr,April ,April 17,1681689600000,4/17/2023 0:00:00,0.5208,0.521,0.5066,0.5109,299749754,1681775999999,153553932.1,151791,169784999,86969122.37,0
18,apr,April ,April 18,1681776000000,4/18/2023 0:00:00,0.511,0.5391,0.5092,0.5324,358112470,1681862399999,186085470.3,179073,203556287,105733036.8,0
19,apr,April ,April 19,1681862400000,4/19/2023 0:00:00,0.5325,0.5375,0.471,0.4911,620153279,1681948799999,311042377.5,378676,297689655,149352938.6,0
20,apr,April ,April 20,1681948800000,4/20/2023 0:00:00,0.4911,0.4993,0.465,0.4752,454997513,1682035199999,219794190.9,238238,225466342,108946968.5,0
21,apr,April ,April 21,1682035200000,4/21/2023 0:00:00,0.4752,0.4792,0.4403,0.4491,425209825,1682121599999,196405832.5,230036,214479000,99149708.27,0
22,apr,April ,April 22,1682121600000,4/22/2023 0:00:00,0.4491,0.4761,0.4455,0.4719,242021955,1682207999999,111879421.8,150016,122751042,56782117.42,0
23,apr,April ,April 23,1682208000000,4/23/2023 0:00:00,0.472,0.472,0.4526,0.4647,222191297,1682294399999,103079830.6,130715,107544770,49910312.21,0
24,apr,April ,April 24,1682294400000,4/24/2023 0:00:00,0.4648,0.4857,0.4469,0.4611,408426760,1682380799999,189723462.7,227559,219380921,101918723.9,0
25,apr,April ,April 25,1682380800000,4/25/2023 0:00:00,0.461,0.4723,0.4506,0.4695,377056298,1682467199999,173172942.8,167797,214418124,98458381.24,0
26,apr,April ,April 26,1682467200000,4/26/2023 0:00:00,0.4696,0.4831,0.4329,0.4618,551155391,1682553599999,256463436.6,280441,277180801,129067214.3,0
27,apr,April ,April 27,1682553600000,4/27/2023 0:00:00,0.4618,0.4699,0.4557,0.4667,345756985,1682639999999,159816336.8,166405,170265417,78665218.14,0
28,apr,April ,April 28,1682640000000,4/28/2023 0:00:00,0.4666,0.483,0.4637,0.4796,384917512,1682726399999,181922278.9,203480,218738540,103376510.7,0
29,apr,April ,April 29,1682726400000,4/29/2023 0:00:00,0.4795,0.4869,0.4709,0.478,175533507,1682812799999,84163263.92,122677,86163575,41316920.49,0
30,apr,April ,April 30,1682812800000,4/30/2023 0:00:00,0.4779,0.4819,0.4687,0.4705,143199211,1682899199999,68124656.71,91324,71983476,34241146.29,0
1,may,May ,May 1,1682899200000,5/1/2023 0:00:00,0.4705,0.4724,0.4544,0.4649,338231418,1682985599999,156703971.9,167097,193187591,89537279.02,0
2,may,May ,May 2,1682985600000,5/2/2023 0:00:00,0.4648,0.4662,0.4574,0.4645,330734355,1683071999999,152988821.9,164966,193531826,89527161.83,0
3,may,May ,May 3,1683072000000,5/3/2023 0:00:00,0.4644,0.4655,0.4497,0.4632,341232638,1683158399999,156013152.9,162057,170024695,77748172.6,0
4,may,May ,May 4,1683158400000,5/4/2023 0:00:00,0.4633,0.465,0.4547,0.4608,218212542,1683244799999,100405157.9,103839,104800374,48211996.92,0
5,may,May ,May 5,1683244800000,5/5/2023 0:00:00,0.4608,0.4706,0.4545,0.4671,292855620,1683331199999,135599010.6,160893,169635559,78543890.02,0
6,may,May ,May 6,1683331200000,5/6/2023 0:00:00,0.4671,0.4695,0.4512,0.4582,168649976,1683417599999,77457021.98,119808,83169782,38187411.74,0
7,may,May ,May 7,1683417600000,5/7/2023 0:00:00,0.4582,0.4601,0.4457,0.449,119401215,1683503999999,54412904.3,93375,58708515,26760564,0
8,may,May ,May 8,1683504000000,5/8/2023 0:00:00,0.4491,0.4512,0.41,0.4283,483055933,1683590399999,208516112,248533,260574568,112537710.5,0
9,may,May ,May 9,1683590400000,5/9/2023 0:00:00,0.4283,0.4308,0.4202,0.4289,331497882,1683676799999,140698488.1,145474,197912958,84006182.8,0
10,may,May ,May 10,1683676800000,5/10/2023 0:00:00,0.4289,0.434,0.4119,0.4303,334930240,1683763199999,142959031.4,178622,169496400,72345614.77,0
11,may,May ,May 11,1683763200000,5/11/2023 0:00:00,0.4303,0.4305,0.4114,0.4207,288769811,1683849599999,121888401.6,132230,137805383,58158833.4,0
12,may,May ,May 12,1683849600000,5/12/2023 0:00:00,0.4207,0.4446,0.4157,0.4305,408757650,1683935999999,174665763.1,243770,210588138,89981284.96,0
13,may,May ,May 13,1683936000000,5/13/2023 0:00:00,0.4305,0.4306,0.4227,0.424,102125283,1684022399999,43502508.72,64588,49640570,21146725.8,0
14,may,May ,May 14,1684022400000,5/14/2023 0:00:00,0.424,0.4317,0.421,0.4253,97517794,1684108799999,41556708.16,60061,52601438,22422149.42,0
15,may,May ,May 15,1684108800000,5/15/2023 0:00:00,0.4253,0.4304,0.4214,0.4273,263543031,1684195199999,112456043.1,124386,158293157,67552534.83,0
16,may,May ,May 16,1684195200000,5/16/2023 0:00:00,0.4273,0.443,0.4174,0.4425,357854908,1684281599999,152521020.9,160937,209342171,89175666,0
17,may,May ,May 17,1684281600000,5/17/2023 0:00:00,0.4426,0.4616,0.4375,0.4484,511331200,1684367999999,229071343.8,303334,266439406,119349365.2,0
18,may,May ,May 18,1684368000000,5/18/2023 0:00:00,0.4485,0.473,0.443,0.4596,420292099,1684454399999,192595312.6,286958,208407888,95500114.62,0
19,may,May ,May 19,1684454400000,5/19/2023 0:00:00,0.4597,0.4755,0.4573,0.4675,327924286,1684540799999,152613054.3,222000,184241465,85740879.84,0
20,may,May ,May 20,1684540800000,5/20/2023 0:00:00,0.4674,0.4719,0.4618,0.4685,133085427,1684627199999,62057504.82,103913,66548456,31033845.71,0
21,may,May ,May 21,1684627200000,5/21/2023 0:00:00,0.4685,0.4706,0.455,0.4575,152105849,1684713599999,70385641.08,103117,74842890,34626497.51,0
22,may,May ,May 22,1684713600000,5/22/2023 0:00:00,0.4574,0.4674,0.4496,0.4618,289989578,1684799999999,133114497.6,155907,168051252,77144550.02,0
23,may,May ,May 23,1684800000000,5/23/2023 0:00:00,0.4618,0.4672,0.4583,0.4651,270491006,1684886399999,125016933,125211,159997721,73941129.1,0
24,may,May ,May 24,1684886400000,5/24/2023 0:00:00,0.4651,0.4651,0.4457,0.453,334128026,1684972799999,151915102.1,156624,164644911,74827055.07,0
25,may,May ,May 25,1684972800000,5/25/2023 0:00:00,0.453,0.4551,0.4431,0.4538,190174437,1685059199999,85627895.25,102425,93900082,42279329.75,0
26,may,May ,May 26,1685059200000,5/26/2023 0:00:00,0.4538,0.4699,0.4524,0.4684,284645154,1685145599999,132032922.2,145800,163785848,75969540.66,0
27,may,May ,May 27,1685145600000,5/27/2023 0:00:00,0.4684,0.4792,0.4652,0.4714,178798933,1685231999999,84283690.67,123858,85960639,40522471.81,0
28,may,May ,May 28,1685232000000,5/28/2023 0:00:00,0.4714,0.4863,0.4699,0.482,166534206,1685318399999,79310781.48,109213,84625366,40300303.57,0
29,may,May ,May 29,1685318400000,5/29/2023 0:00:00,0.482,0.4954,0.4761,0.4946,328535756,1685404799999,158994730.9,193651,183345634,88706697.88,0
30,may,May ,May 30,1685404800000,5/30/2023 0:00:00,0.4946,0.5293,0.4893,0.5205,662891231,1685491199999,337412103.8,428094,361416168,183850739.1,0
31,may,May ,May 31,1685491200000,5/31/2023 0:00:00,0.5205,0.528,0.5009,0.5166,440917044,1685577599999,226321932.8,297874,222947424,114438129.7,0
1,jun,June ,June 1,1685577600000,6/1/2023 0:00:00,0.5167,0.5167,0.5014,0.5065,320782418,1685663999999,162638528.2,197787,170293802,86386467.46,0
2,jun,June ,June 2,1685664000000,6/2/2023 0:00:00,0.5065,0.5271,0.5033,0.5244,293048961,1685750399999,151414189.6,168266,163782927,84630227.66,0
3,jun,June ,June 3,1685750400000,6/3/2023 0:00:00,0.5245,0.534,0.5144,0.5188,172139129,1685836799999,89930000.9,119886,85366058,44602695.44,0
4,jun,June ,June 4,1685836800000,6/4/2023 0:00:00,0.5188,0.547,0.5151,0.5359,250235168,1685923199999,133246493.1,159074,131291892,69938934.99,0
5,jun,June ,June 5,1685923200000,6/5/2023 0:00:00,0.5359,0.5431,0.4867,0.509,616993814,1686009599999,319477652.5,430141,314269228,163020175.2,0
6,jun,June ,June 6,1686009600000,6/6/2023 0:00:00,0.5089,0.5328,0.4952,0.53,458413458,1686095999999,234690913.8,307055,242508753,124128459.9,0
7,jun,June ,June 7,1686096000000,6/7/2023 0:00:00,0.53,0.5384,0.507,0.5183,467474175,1686182399999,244889718.1,326396,235939314,123665271.5,0
8,jun,June ,June 8,1686182400000,6/8/2023 0:00:00,0.5183,0.5278,0.5156,0.5236,262982251,1686268799999,137027019.7,177957,131593138,68553433.21,0
9,jun,June ,June 9,1686268800000,6/9/2023 0:00:00,0.5237,0.5418,0.5205,0.538,352068623,1686355199999,187158472.5,236747,179338500,95329263.73,0
10,jun,June ,June 10,1686355200000,6/10/2023 0:00:00,0.538,0.5388,0.472,0.5067,609302319,1686441599999,304346642.2,492361,293296020,146470937.6,0
11,jun,June ,June 11,1686441600000,6/11/2023 0:00:00,0.5067,0.5293,0.5027,0.5208,221202480,1686527999999,113523633.2,164718,111715728,57337359.55,0
12,jun,June ,June 12,1686528000000,6/12/2023 0:00:00,0.5209,0.528,0.5086,0.5251,356547544,1686614399999,184693488.6,234513,193429811,100191887,0
13,jun,June ,June 13,1686614400000,6/13/2023 0:00:00,0.5251,0.5658,0.5054,0.5192,771631184,1686700799999,411364100.8,559433,397475690,211722384.5,0
14,jun,June ,June 14,1686700800000,6/14/2023 0:00:00,0.5193,0.5205,0.461,0.4801,544396397,1686787199999,270686306.4,340474,271736762,135176345.5,0
15,jun,June ,June 15,1686787200000,6/15/2023 0:00:00,0.4802,0.4858,0.4663,0.4801,337742736,1686873599999,161264378.6,202319,170047109,81203505.21,0
16,jun,June ,June 16,1686873600000,6/16/2023 0:00:00,0.4801,0.4833,0.4558,0.4759,376661662,1686959999999,177084797.9,223245,202226513,95103017.31,0
17,jun,June ,June 17,1686960000000,6/17/2023 0:00:00,0.4758,0.4869,0.4694,0.4794,189579671,1687046399999,90724364.3,114551,93331001,44666208.36,0
18,jun,June ,June 18,1687046400000,6/18/2023 0:00:00,0.4794,0.4979,0.4741,0.4868,225020544,1687132799999,109694269.3,162331,114826765,55992741.87,0
19,jun,June ,June 19,1687132800000,6/19/2023 0:00:00,0.4868,0.4991,0.4811,0.4936,322187608,1687219199999,158029204.6,171967,185635687,91030496.42,0
20,jun,June ,June 20,1687219200000,6/20/2023 0:00:00,0.4935,0.4967,0.4716,0.4929,378325906,1687305599999,183652110.9,194078,216177701,104945447.8,0
21,jun,June ,June 21,1687305600000,6/21/2023 0:00:00,0.4928,0.5034,0.4892,0.4999,408749828,1687391999999,202941709.1,223743,201253336,99901919.98,0
22,jun,June ,June 22,1687392000000,6/22/2023 0:00:00,0.4999,0.5272,0.4821,0.4938,442729597,1687478399999,223220058.1,282412,220460792,111186415.8,0
23,jun,June ,June 23,1687478400000,6/23/2023 0:00:00,0.4937,0.5023,0.484,0.4961,345391930,1687564799999,170930777.4,202216,175959099,87070644.97,0
24,jun,June ,June 24,1687564800000,6/24/2023 0:00:00,0.496,0.4961,0.478,0.4865,193097516,1687651199999,94403166.46,119543,87559930,42799028.25,0
25,jun,June ,June 25,1687651200000,6/25/2023 0:00:00,0.4865,0.4977,0.4829,0.4903,191583170,1687737599999,93843422.81,110926,91535455,44847196.91,0
26,jun,June ,June 26,1687737600000,6/26/2023 0:00:00,0.4903,0.4919,0.4701,0.479,305338027,1687823999999,147000463.7,163717,164313915,79125978.46,0
27,jun,June ,June 27,1687824000000,6/27/2023 0:00:00,0.479,0.4851,0.4759,0.4838,291583944,1687910399999,140122274.3,132593,170409437,81890011.9,0
28,jun,June ,June 28,1687910400000,6/28/2023 0:00:00,0.4839,0.4844,0.4493,0.4647,325837765,1687996799999,153329584.8,164563,160054361,75360618.77,0
29,jun,June ,June 29,1687996800000,6/29/2023 0:00:00,0.4648,0.4773,0.4612,0.4747,211214558,1688083199999,99147276.31,102466,99428284,46653603.34,0
30,jun,June ,June 30,1688083200000,6/30/2023 0:00:00,0.4747,0.4827,0.4498,0.4729,393612239,1688169599999,185778507.6,219961,206804219,97637006.36,0
1,jul,July ,July 1,1688169600000,7/1/2023 0:00:00,0.473,0.476,0.464,0.4732,232549409,1688255999999,109210900.3,114813,112551888,52843353.73,0
2,jul,July ,July 2,1688256000000,7/2/2023 0:00:00,0.4732,0.4961,0.4697,0.4845,337155089,1688342399999,163094435,204517,169389025,81968064.09,0
3,jul,July ,July 3,1688342400000,7/3/2023 0:00:00,0.4844,0.4914,0.4784,0.489,357020349,1688428799999,172807675.5,177511,195183785,94480944.93,0
4,jul,July ,July 4,1688428800000,7/4/2023 0:00:00,0.489,0.4935,0.4816,0.4872,299439491,1688515199999,146031583.7,139674,165140768,80532724.37,0
5,jul,July ,July 5,1688515200000,7/5/2023 0:00:00,0.4872,0.4919,0.4696,0.4777,292620010,1688601599999,140622559.5,148600,142142736,68265941.18,0
6,jul,July ,July 6,1688601600000,7/6/2023 0:00:00,0.4777,0.4842,0.4612,0.4622,304125111,1688687999999,143805418.8,146023,145499308,68749062.67,0
7,jul,July ,July 7,1688688000000,7/7/2023 0:00:00,0.4622,0.4708,0.4575,0.4687,230688947,1688774399999,107533605.8,98575,128623111,59963241.06,0
8,jul,July ,July 8,1688774400000,7/8/2023 0:00:00,0.4686,0.4748,0.4649,0.4704,116031881,1688860799999,54396568.35,67003,54698166,25647459.47,0
9,jul,July ,July 9,1688860800000,7/9/2023 0:00:00,0.4705,0.4717,0.4664,0.468,80147955,1688947199999,37629361.63,49473,37615860,17660411.66,0
10,jul,July ,July 10,1688947200000,7/10/2023 0:00:00,0.4681,0.48,0.4622,0.478,334545737,1689033599999,157526649.3,128843,196678652,92586651.08,0
11,jul,July ,July 11,1689033600000,7/11/2023 0:00:00,0.478,0.4784,0.4709,0.4753,225681776,1689119999999,107129231.8,91922,142244626,67514288.8,0
12,jul,July ,July 12,1689120000000,7/12/2023 0:00:00,0.4753,0.4772,0.4648,0.471,220670755,1689206399999,104191095.8,92981,116953580,55207497.84,0
13,jul,July ,July 13,1689206400000,7/13/2023 0:00:00,0.471,0.938,0.4695,0.8153,2499971165,1689292799999,1758482750,2895839,1283335461,902411938.5,0
14,jul,July ,July 14,1689292800000,7/14/2023 0:00:00,0.8151,0.8253,0.6686,0.7179,1525175518,1689379199999,1152019102,1488766,747023143,564392817.1,0
15,jul,July ,July 15,1689379200000,7/15/2023 0:00:00,0.7178,0.7362,0.6919,0.7145,703355719,1689465599999,504452504.5,570922,352604001,252898894.7,0
16,jul,July ,July 16,1689465600000,7/16/2023 0:00:00,0.7144,0.79,0.702,0.7468,946644269,1689551999999,709571949.1,702277,468579505,351170171.9,0
17,jul,July ,July 17,1689552000000,7/17/2023 0:00:00,0.7468,0.7662,0.7122,0.7374,608872143,1689638399999,450106863.5,558954,290377052,214801588,0
18,jul,July ,July 18,1689638400000,7/18/2023 0:00:00,0.7373,0.785,0.7304,0.7779,598030609,1689724799999,450543299,509457,305055600,229840410.9,0
19,jul,July ,July 19,1689724800000,7/19/2023 0:00:00,0.778,0.8547,0.7685,0.8199,913495953,1689811199999,735553987.6,802098,458229227,368957610.7,0
20,jul,July ,July 20,1689811200000,7/20/2023 0:00:00,0.8198,0.8489,0.771,0.7942,643507521,1689897599999,521605123,611114,306579872,248526194.7,0
21,jul,July ,July 21,1689897600000,7/21/2023 0:00:00,0.7942,0.7987,0.7601,0.7713,411233974,1689983999999,320767846,365226,197345145,153928576.4,0
22,jul,July ,July 22,1689984000000,7/22/2023 0:00:00,0.7713,0.7799,0.7215,0.7331,324984749,1690070399999,246545025.7,276750,154064874,116947966.7,0
23,jul,July ,July 23,1690070400000,7/23/2023 0:00:00,0.733,0.7525,0.7149,0.7384,293811431,1690156799999,216785787.3,238690,144354221,106520035,0
24,jul,July ,July 24,1690156800000,7/24/2023 0:00:00,0.7384,0.743,0.6808,0.7021,513611905,1690243199999,363034637.2,396133,253010067,178930368.9,0
25,jul,July ,July 25,1690243200000,7/25/2023 0:00:00,0.702,0.7163,0.6743,0.7089,393523223,1690329599999,274098541.9,298525,204658105,142547972.7,0
26,jul,July ,July 26,1690329600000,7/26/2023 0:00:00,0.709,0.7313,0.6927,0.7161,369415295,1690415999999,261953542.4,285830,176482725,125112103.7,0
27,jul,July ,July 27,1690416000000,7/27/2023 0:00:00,0.7161,0.7328,0.7061,0.7139,312450860,1690502399999,223798115.8,234866,153414664,109885193.2,0
28,jul,July ,July 28,1690502400000,7/28/2023 0:00:00,0.7138,0.7189,0.7021,0.712,200990844,1690588799999,143020949.8,151837,102076937,72626564.21,0
29,jul,July ,July 29,1690588800000,7/29/2023 0:00:00,0.7119,0.7158,0.7041,0.7121,105603908,1690675199999,75047405.35,89353,51125021,36331593.44,0
30,jul,July ,July 30,1690675200000,7/30/2023 0:00:00,0.7122,0.7358,0.6825,0.7046,267572438,1690761599999,190600448.5,210962,131622770,93779858.53,0
31,jul,July ,July 31,1690761600000,7/31/2023 0:00:00,0.7047,0.7205,0.685,0.6976,378390957,1690847999999,266346676.6,269243,190713559,134212862.4,0
1,aug,August ,August 1,1690848000000,8/1/2023 0:00:00,0.6976,0.7082,0.6732,0.7069,366664318,1690934399999,253808721.4,249515,191698094,132712479.7,0
2,aug,August ,August 2,1690934400000,8/2/2023 0:00:00,0.7069,0.7081,0.6762,0.685,257325957,1691020799999,177961279.1,174266,120665883,83461567.55,0
3,aug,August ,August 3,1691020800000,8/3/2023 0:00:00,0.6849,0.6875,0.6543,0.663,353547025,1691107199999,236749567.6,226606,174990342,117145810.9,0
4,aug,August ,August 4,1691107200000,8/4/2023 0:00:00,0.6629,0.6677,0.625,0.6356,350885648,1691193599999,228894407.1,230924,176746535,115380800,0
5,aug,August ,August 5,1691193600000,8/5/2023 0:00:00,0.6356,0.6358,0.6106,0.6288,290912373,1691279999999,181546677.4,179581,136965392,85461432.67,0
6,aug,August ,August 6,1691280000000,8/6/2023 0:00:00,0.6288,0.6388,0.6214,0.624,201522971,1691366399999,127064254.2,121397,98804635,62288303.64,0
7,aug,August ,August 7,1691366400000,8/7/2023 0:00:00,0.624,0.6299,0.5967,0.6236,446625792,1691452799999,275111720.7,240945,239747218,147715461.8,0
8,aug,August ,August 8,1691452800000,8/8/2023 0:00:00,0.6235,0.6482,0.6141,0.6418,377837388,1691539199999,237638533.3,232904,195793475,123088717.7,0
9,aug,August ,August 9,1691539200000,8/9/2023 0:00:00,0.6418,0.6662,0.6314,0.6433,440268396,1691625599999,285460658.9,314311,210533282,136582312.9,0
10,aug,August ,August 10,1691625600000,8/10/2023 0:00:00,0.6434,0.6445,0.6241,0.6331,294658012,1691711999999,186480960.8,185661,147223726,93170481.5,0
11,aug,August ,August 11,1691712000000,8/11/2023 0:00:00,0.6331,0.6413,0.6257,0.6318,225898829,1691798399999,142904471.6,120251,123365934,78048700.34,0
12,aug,August ,August 12,1691798400000,8/12/2023 0:00:00,0.6317,0.6335,0.6224,0.6276,87289374,1691884799999,54910098.79,65669,40329277,25364808.36,0
13,aug,August ,August 13,1691884800000,8/13/2023 0:00:00,0.6276,0.6385,0.6235,0.6256,137308778,1691971199999,86527939.45,83412,69143337,43591575.9,0
14,aug,August ,August 14,1691971200000,8/14/2023 0:00:00,0.6256,0.6369,0.6241,0.6343,260175236,1692057599999,163740850.6,127557,144956012,91223903.57,0
15,aug,August ,August 15,1692057600000,8/15/2023 0:00:00,0.6342,0.6348,0.58,0.6104,388356202,1692143999999,238684860.2,218779,199337884,122697326,0
16,aug,August ,August 16,1692144000000,8/16/2023 0:00:00,0.6104,0.617,0.572,0.5889,581618879,1692230399999,346941847.5,279695,269002603,160403480.2,0
17,aug,August ,August 17,1692230400000,8/17/2023 0:00:00,0.589,0.5948,0.4226,0.5064,847602528,1692316799999,457574868,561395,400999026,216345951.2,0
18,aug,August ,August 18,1692316800000,8/18/2023 0:00:00,0.5064,0.523,0.4829,0.5062,724839898,1692403199999,364518617.2,408177,366575412,184344265.7,0
19,aug,August ,August 19,1692403200000,8/19/2023 0:00:00,0.5062,0.5249,0.5006,0.5199,298930279,1692489599999,153282783.4,150689,154895921,79449694.27,0
20,aug,August ,August 20,1692489600000,8/20/2023 0:00:00,0.52,0.5582,0.516,0.5384,452910011,1692575999999,243112521.8,239464,232153394,124661740.4,0
21,aug,August ,August 21,1692576000000,8/21/2023 0:00:00,0.5385,0.5398,0.503,0.5245,528716245,1692662399999,276083692.1,252648,272749275,142451659.1,0
22,aug,August ,August 22,1692662400000,8/22/2023 0:00:00,0.5245,0.5256,0.5032,0.521,422200069,1692748799999,217743145.7,188540,218157198,112545160.5,0
23,aug,August ,August 23,1692748800000,8/23/2023 0:00:00,0.5211,0.5368,0.5157,0.5301,286855957,1692835199999,150276948.7,147779,141137280,73948786.85,0
24,aug,August ,August 24,1692835200000,8/24/2023 0:00:00,0.5302,0.5319,0.5111,0.5187,252154333,1692921599999,131630382.9,119874,123755650,64586965.55,0
25,aug,August ,August 25,1692921600000,8/25/2023 0:00:00,0.5187,0.5319,0.5078,0.5258,326124248,1693007999999,168716071.9,153423,170560378,88256914.47,0
26,aug,August ,August 26,1693008000000,8/26/2023 0:00:00,0.5258,0.5283,0.5178,0.5231,110436094,1693094399999,57772395.75,63903,54969599,28763660.38,0
27,aug,August ,August 27,1693094400000,8/27/2023 0:00:00,0.5231,0.5303,0.5163,0.5236,132391247,1693180799999,69622811.36,70834,69357564,36474906.99,0
28,aug,August ,August 28,1693180800000,8/28/2023 0:00:00,0.5235,0.525,0.5102,0.5232,266211960,1693267199999,138002651.5,113377,147203511,76323852.63,0
29,aug,August ,August 29,1693267200000,8/29/2023 0:00:00,0.5232,0.5496,0.5131,0.5398,458921685,1693353599999,243625243.1,217227,239623870,127023861.2,0
30,aug,August ,August 30,1693353600000,8/30/2023 0:00:00,0.5398,0.5404,0.5216,0.5284,279526116,1693439999999,148049982.3,117945,140504186,74411065.89,0
31,aug,August ,August 31,1693440000000,8/31/2023 0:00:00,0.5284,0.5288,0.495,0.511,359350681,1693526399999,185642613.4,164905,181684019,93856000.85,0
1,sep,September ,September 1,1693526400000,9/1/2023 0:00:00,0.511,0.512,0.4864,0.498,390869888,1693612799999,196180468.7,155643,204079025,102455148.5,0
2,sep,September ,September 2,1693612800000,9/2/2023 0:00:00,0.4981,0.5029,0.4943,0.4988,173634913,1693699199999,86413967.26,79123,91500733,45546277.04,0
3,sep,September ,September 3,1693699200000,9/3/2023 0:00:00,0.4989,0.5107,0.4971,0.5047,148603214,1693785599999,74878959.35,75137,77527599,39068328.37,0
4,sep,September ,September 4,1693785600000,9/4/2023 0:00:00,0.5047,0.513,0.4966,0.5087,293271541,1693871999999,148200901.3,120518,158135856,79918791.87,0
5,sep,September ,September 5,1693872000000,9/5/2023 0:00:00,0.5087,0.5088,0.499,0.5056,260333041,1693958399999,131087885.3,101751,144411083,72731672.49,0
6,sep,September ,September 6,1693958400000,9/6/2023 0:00:00,0.5056,0.5058,0.4909,0.5033,255134232,1694044799999,127756291.8,102329,123848270,62014296.17,0
7,sep,September ,September 7,1694044800000,9/7/2023 0:00:00,0.5033,0.5069,0.4965,0.505,209969723,1694131199999,105141976.3,91757,102975196,51566842.62,0
8,sep,September ,September 8,1694131200000,9/8/2023 0:00:00,0.5051,0.5076,0.4941,0.505,223628172,1694217599999,112392001.6,95729,120272281,60463044.77,0
9,sep,September ,September 9,1694217600000,9/9/2023 0:00:00,0.5049,0.5049,0.5015,0.5038,69132813,1694303999999,34798028.54,38367,35071176,17653495.27,0
10,sep,September ,September 10,1694304000000,9/10/2023 0:00:00,0.5038,0.5039,0.4923,0.4969,144849888,1694390399999,72189553.53,73444,72227525,35998516,0
11,sep,September ,September 11,1694390400000,9/11/2023 0:00:00,0.4969,0.4982,0.459,0.4744,484437445,1694476799999,231551329.5,199473,264691203,126542737,0
12,sep,September ,September 12,1694476800000,9/12/2023 0:00:00,0.4744,0.4867,0.47,0.4804,356403388,1694563199999,170451184.1,157173,199985277,95632256.07,0
13,sep,September ,September 13,1694563200000,9/13/2023 0:00:00,0.4804,0.4897,0.4723,0.4832,274586793,1694649599999,131944337.1,120668,134459146,64605482.3,0
14,sep,September ,September 14,1694649600000,9/14/2023 0:00:00,0.4833,0.4941,0.4799,0.4892,232539752,1694735999999,112816288.4,104856,117719680,57098592.6,0
15,sep,September ,September 15,1694736000000,9/15/2023 0:00:00,0.4892,0.5086,0.4874,0.5005,305608308,1694822399999,151756322.9,148714,161120758,80024791.83,0
16,sep,September ,September 16,1694822400000,9/16/2023 0:00:00,0.5004,0.5035,0.4968,0.4998,132881408,1694908799999,66494200.14,69955,60242932,30147561.38,0
17,sep,September ,September 17,1694908800000,9/17/2023 0:00:00,0.4997,0.5004,0.4894,0.4925,142846615,1694995199999,70781411.85,77296,67806967,33601870.2,0
18,sep,September ,September 18,1694995200000,9/18/2023 0:00:00,0.4925,0.5077,0.4864,0.503,298374742,1695081599999,148765121.7,141284,162051650,80796803.84,0
19,sep,September ,September 19,1695081600000,9/19/2023 0:00:00,0.503,0.5166,0.5005,0.514,295258283,1695167999999,150372427.5,133750,156742817,79824699.98,0
20,sep,September ,September 20,1695168000000,9/20/2023 0:00:00,0.5139,0.5254,0.5065,0.5212,288497937,1695254399999,149026404.2,158253,142322211,73525015.58,0
21,sep,September ,September 21,1695254400000,9/21/2023 0:00:00,0.5213,0.5214,0.5001,0.5071,277323578,1695340799999,141242377.5,136496,130468517,66439264.08,0
22,sep,September ,September 22,1695340800000,9/22/2023 0:00:00,0.5072,0.517,0.5036,0.5122,233893377,1695427199999,119497921.2,110454,123565418,63137263.94,0
23,sep,September ,September 23,1695427200000,9/23/2023 0:00:00,0.5122,0.5138,0.5055,0.5076,101716334,1695513599999,51932821.01,58142,49616069,25329747.74,0
24,sep,September ,September 24,1695513600000,9/24/2023 0:00:00,0.5076,0.5118,0.4984,0.5021,112889323,1695599999999,57298613.7,62706,53403822,27105177.27,0
25,sep,September ,September 25,1695600000000,9/25/2023 0:00:00,0.502,0.5072,0.4912,0.5056,303674393,1695686399999,151571274.5,136979,166339963,83029751.17,0
26,sep,September ,September 26,1695686400000,9/26/2023 0:00:00,0.5056,0.5075,0.496,0.5019,271054261,1695772799999,136072298.7,114431,149252617,74936633.08,0
27,sep,September ,September 27,1695772800000,9/27/2023 0:00:00,0.5019,0.5071,0.4968,0.4993,237514582,1695859199999,119114611,96466,111402400,55867840.1,0
28,sep,September ,September 28,1695859200000,9/28/2023 0:00:00,0.4993,0.5102,0.4952,0.5098,247906960,1695945599999,124424022.7,112462,112647783,56545530.02,0
29,sep,September ,September 29,1695945600000,9/29/2023 0:00:00,0.5097,0.5494,0.5061,0.5215,604996777,1696031999999,318719390.9,293360,307468655,161922962.2,0
30,sep,September ,September 30,1696032000000,9/30/2023 0:00:00,0.5215,0.5218,0.5134,0.5149,144866051,1696118399999,74870559.53,90666,64164148,33169129.19,0
1,oct,October ,October 1,1696118400000,10/1/2023 0:00:00,0.5148,0.526,0.5137,0.5241,167673504,1696204799999,87152009.19,93784,80609393,41896257.2,0
2,oct,October ,October 2,1696204800000,10/2/2023 0:00:00,0.524,0.5266,0.5075,0.5123,319018957,1696291199999,165774736.4,154104,166196254,86401262.92,0
3,oct,October ,October 3,1696291200000,10/3/2023 0:00:00,0.5122,0.5479,0.5055,0.539,398167814,1696377599999,206974439.7,201496,203694962,105900255.6,0
4,oct,October ,October 4,1696377600000,10/4/2023 0:00:00,0.5391,0.5426,0.5194,0.5326,422012491,1696463999999,224478611.1,252846,196513456,104534460.9,0
5,oct,October ,October 5,1696464000000,10/5/2023 0:00:00,0.5326,0.5326,0.5155,0.5227,234313709,1696550399999,122773047.5,124894,102534761,53727987.31,0
6,oct,October ,October 6,1696550400000,10/6/2023 0:00:00,0.5227,0.5298,0.5169,0.5255,219784262,1696636799999,114860940.7,108276,108610178,56774850.45,0
7,oct,October ,October 7,1696636800000,10/7/2023 0:00:00,0.5255,0.5258,0.5197,0.5216,63137112,1696723199999,32985340.12,42699,27457388,14345149.36,0
8,oct,October ,October 8,1696723200000,10/8/2023 0:00:00,0.5216,0.5234,0.5153,0.5174,82864720,1696809599999,43049947.73,47808,36987080,19218933.55,0
9,oct,October ,October 9,1696809600000,10/9/2023 0:00:00,0.5174,0.5201,0.4875,0.5027,322604658,1696895999999,162917539.7,168707,163273142,82489936.65,0
10,oct,October ,October 10,1696896000000,10/10/2023 0:00:00,0.5027,0.5027,0.4917,0.4965,228001743,1696982399999,113450223.3,105934,120875971,60149312.99,0
11,oct,October ,October 11,1696982400000,10/11/2023 0:00:00,0.4964,0.4977,0.4788,0.4888,241504648,1697068799999,117525638.6,120496,118211153,57514805.57,0
12,oct,October ,October 12,1697068800000,10/12/2023 0:00:00,0.4889,0.4889,0.4729,0.483,259545095,1697155199999,124638564.3,119543,126255506,60611492.38,0
13,oct,October ,October 13,1697155200000,10/13/2023 0:00:00,0.4831,0.4907,0.4786,0.4851,257150898,1697241599999,124170633.9,111281,138564974,66913667.27,0
14,oct,October ,October 14,1697241600000,10/14/2023 0:00:00,0.4852,0.4883,0.4835,0.4865,93826664,1697327999999,45567697.42,48460,43842373,21290202.92,0
15,oct,October ,October 15,1697328000000,10/15/2023 0:00:00,0.4866,0.4902,0.485,0.4874,101648635,1697414399999,49526308.33,52730,48542625,23654083.28,0
16,oct,October ,October 16,1697414400000,10/16/2023 0:00:00,0.4874,0.5109,0.485,0.4978,405705160,1697500799999,200854473.2,175199,209838813,103850732.2,0
17,oct,October ,October 17,1697500800000,10/17/2023 0:00:00,0.4977,0.498,0.4845,0.4912,268586946,1697587199999,131923465.7,120034,139102789,68346840.81,0
18,oct,October ,October 18,1697587200000,10/18/2023 0:00:00,0.4911,0.4924,0.4855,0.4878,202731261,1697673599999,99190110.24,93794,95507745,46730314.36,0
19,oct,October ,October 19,1697673600000,10/19/2023 0:00:00,0.4878,0.5245,0.4769,0.5197,445455672,1697759999999,221204640.8,235163,225107522,111914414.8,0
20,oct,October ,October 20,1697760000000,10/20/2023 0:00:00,0.5197,0.5309,0.5084,0.5149,412008957,1697846399999,213465377,270506,205217825,106354592.3,0
21,oct,October ,October 21,1697846400000,10/21/2023 0:00:00,0.515,0.5325,0.5109,0.5208,179110644,1697932799999,93228244.94,124952,80712196,42039537.84,0
22,oct,October ,October 22,1697932800000,10/22/2023 0:00:00,0.5208,0.5242,0.5118,0.5226,165306102,1698019199999,85805435.81,110334,76453578,39686484.08,0
23,oct,October ,October 23,1698019200000,10/23/2023 0:00:00,0.5226,0.5536,0.5199,0.5475,522483834,1698105599999,278286849.1,316448,266647117,141985590.4,0
24,oct,October ,October 24,1698105600000,10/24/2023 0:00:00,0.5475,0.5866,0.5346,0.5588,798801237,1698191999999,445409828.2,522803,379754729,211957219.8,0
25,oct,October ,October 25,1698192000000,10/25/2023 0:00:00,0.5587,0.5639,0.5404,0.5552,369106629,1698278399999,204340817.5,231634,172405035,95433855.96,0
26,oct,October ,October 26,1698278400000,10/26/2023 0:00:00,0.5552,0.5695,0.5426,0.5533,397423009,1698364799999,220409474.9,239506,184267960,102188634.9,0
27,oct,October ,October 27,1698364800000,10/27/2023 0:00:00,0.5534,0.5588,0.5325,0.543,312543838,1698451199999,171491048.4,179059,155341688,85222513.69,0
28,oct,October ,October 28,1698451200000,10/28/2023 0:00:00,0.543,0.5506,0.5405,0.5446,110912293,1698537599999,60491790.56,75484,53184502,29010312.42,0
29,oct,October ,October 29,1698537600000,10/29/2023 0:00:00,0.5446,0.5614,0.5405,0.5561,160069611,1698623999999,88554355.81,111204,73781934,40807822.95,0
30,oct,October ,October 30,1698624000000,10/30/2023 0:00:00,0.556,0.5843,0.5494,0.578,436757242,1698710399999,248232480.4,249097,220367736,125182701.8,0
31,oct,October ,October 31,1698710400000,10/31/2023 0:00:00,0.578,0.6213,0.5627,0.5996,621793128,1698796799999,368660558.8,405292,310096261,183809081.6,0